concept_id,year,sex,age_group,patient_count,record_count,denominator,prevalence
766814,2012,F,10-19,49,113,21862,0.00224133199158357
766814,2012,F,20-29,128,417,33450,0.00382660687593423
766814,2012,F,30-39,184,613,30195,0.00609372412651101
766814,2012,F,40-49,265,971,29375,0.00902127659574468
766814,2012,F,50-59,363,1309,30965,0.0117229129662522
766814,2012,F,60-69,252,957,25994,0.00969454489497576
766814,2012,F,70-79,269,866,23108,0.0116409901332872
766814,2012,F,80+,178,479,15579,0.0114256370755504
766814,2012,M,10-19,45,139,23048,0.00195244706699063
766814,2012,M,20-29,122,364,36348,0.00335644327060636
766814,2012,M,30-39,171,560,32303,0.00529362597901124
766814,2012,M,40-49,169,577,28946,0.00583845781800594
766814,2012,M,50-59,176,655,26833,0.00655908769053032
766814,2012,M,60-69,122,339,18919,0.00644854379195518
766814,2012,M,70-79,90,287,12690,0.00709219858156028
766814,2012,M,80+,54,176,5352,0.0100896860986547
766814,2013,F,10-19,47,171,21466,0.00218950899096245
766814,2013,F,20-29,172,490,32615,0.00527364709489499
766814,2013,F,30-39,198,645,30571,0.00647672630924733
766814,2013,F,40-49,288,1133,29337,0.00981695469884446
766814,2013,F,50-59,433,1635,30890,0.0140174813855617
766814,2013,F,60-69,347,1342,26799,0.0129482443374753
766814,2013,F,70-79,330,1157,22735,0.0145150648779415
766814,2013,F,80+,265,799,15972,0.0165915351865765
766814,2013,M,10-19,36,127,22316,0.00161319232837426
766814,2013,M,20-29,141,435,35512,0.00397048884883983
766814,2013,M,30-39,202,692,32755,0.00616699740497634
766814,2013,M,40-49,229,700,29136,0.00785969247666118
766814,2013,M,50-59,243,795,27004,0.00899866686416827
766814,2013,M,60-69,170,559,19542,0.00869921195374066
766814,2013,M,70-79,127,409,12541,0.0101267841479946
766814,2013,M,80+,82,240,5499,0.0149118021458447
766814,2014,F,10-19,60,171,21169,0.00283433322310926
766814,2014,F,20-29,175,525,31636,0.00553167277784802
766814,2014,F,30-39,232,867,30993,0.00748556125576743
766814,2014,F,40-49,347,1303,29359,0.0118192036513505
766814,2014,F,50-59,505,1903,30669,0.0164661384459878
766814,2014,F,60-69,444,1631,27621,0.0160747257521451
766814,2014,F,70-79,396,1295,22474,0.0176203613063985
766814,2014,F,80+,334,1041,16222,0.0205893231414129
766814,2014,M,10-19,48,114,22066,0.00217529230490347
766814,2014,M,20-29,165,521,34434,0.00479177557065691
766814,2014,M,30-39,259,804,33285,0.00778128286014721
766814,2014,M,40-49,291,1005,29304,0.00993038493038493
766814,2014,M,50-59,322,1048,27067,0.0118964052166845
766814,2014,M,60-69,221,746,20256,0.0109103475513428
766814,2014,M,70-79,157,525,12470,0.0125902165196472
766814,2014,M,80+,114,345,5614,0.0203063769148557
766814,2015,F,10-19,60,152,21113,0.00284185099227964
766814,2015,F,20-29,195,577,30585,0.00637567435017165
766814,2015,F,30-39,245,898,31367,0.00781075652756081
766814,2015,F,40-49,355,1285,29457,0.0120514648470652
766814,2015,F,50-59,537,2050,30260,0.0177461996034369
766814,2015,F,60-69,470,1746,28514,0.0164831310934979
766814,2015,F,70-79,434,1508,22106,0.019632678910703
766814,2015,F,80+,443,1397,16608,0.0266738921001927
766814,2015,M,10-19,51,132,22061,0.00231177190517202
766814,2015,M,20-29,179,537,33173,0.00539595454134386
766814,2015,M,30-39,245,825,33668,0.00727693952714744
766814,2015,M,40-49,346,1154,29708,0.0116466944930658
766814,2015,M,50-59,337,1139,27033,0.0124662449598639
766814,2015,M,60-69,261,890,21060,0.0123931623931624
766814,2015,M,70-79,206,696,12207,0.0168755632014418
766814,2015,M,80+,156,487,5810,0.0268502581755594
766814,2016,F,10-19,74,157,21142,0.0035001418976445
766814,2016,F,20-29,164,596,29457,0.00556743728146111
766814,2016,F,30-39,255,1013,31768,0.00802694535381516
766814,2016,F,40-49,357,1346,29744,0.0120024206562668
766814,2016,F,50-59,584,2186,29826,0.0195802320123382
766814,2016,F,60-69,560,2067,28841,0.0194168024687077
766814,2016,F,70-79,507,1674,22023,0.0230213867320529
766814,2016,F,80+,552,1721,17129,0.0322260493899235
766814,2016,M,10-19,42,121,22245,0.00188806473364801
766814,2016,M,20-29,202,536,31733,0.00636561308417105
766814,2016,M,30-39,292,879,34101,0.00856279874490484
766814,2016,M,40-49,344,1146,30136,0.0114149190337138
766814,2016,M,50-59,375,1269,26974,0.013902276266034
766814,2016,M,60-69,287,1042,21508,0.0133438720476102
766814,2016,M,70-79,258,821,12214,0.021123301129851
766814,2016,M,80+,170,506,6077,0.0279743294388679
766814,2017,F,10-19,91,241,21484,0.00423571029603426
766814,2017,F,20-29,188,602,28030,0.0067070995362112
766814,2017,F,30-39,268,1048,32292,0.00829926916883439
766814,2017,F,40-49,429,1539,29964,0.0143171806167401
766814,2017,F,50-59,631,2424,29495,0.0213934565180539
766814,2017,F,60-69,650,2411,29029,0.0223914017017465
766814,2017,F,70-79,610,2136,21919,0.0278297367580638
766814,2017,F,80+,722,2249,17811,0.0405367469541295
766814,2017,M,10-19,58,130,22630,0.00256296950950066
766814,2017,M,20-29,225,563,30033,0.00749175906502847
766814,2017,M,30-39,324,1035,34756,0.00932213143054437
766814,2017,M,40-49,413,1394,30631,0.0134830727041233
766814,2017,M,50-59,430,1338,26857,0.016010723461295
766814,2017,M,60-69,391,1324,21738,0.0179869353206367
766814,2017,M,70-79,311,1040,12492,0.0248959333973743
766814,2017,M,80+,220,630,6347,0.0346620450606586
766814,2018,F,10-19,116,335,22049,0.00526100956959499
766814,2018,F,20-29,182,662,26526,0.00686119279197768
766814,2018,F,30-39,302,1187,32795,0.00920872084159171
766814,2018,F,40-49,448,1614,29968,0.0149492792311799
766814,2018,F,50-59,684,2558,29391,0.0232724303358171
766814,2018,F,60-69,718,2900,29035,0.0247287756156363
766814,2018,F,70-79,723,2759,22040,0.0328039927404719
766814,2018,F,80+,919,3111,18355,0.0500681013347862
766814,2018,M,10-19,73,182,23258,0.0031387049617336
766814,2018,M,20-29,256,747,28198,0.00907865806085538
766814,2018,M,30-39,386,1212,35519,0.0108674230693432
766814,2018,M,40-49,441,1612,30813,0.0143121409794567
766814,2018,M,50-59,471,1622,26848,0.0175432061978546
766814,2018,M,60-69,450,1557,22092,0.0203693644758284
766814,2018,M,70-79,403,1446,12748,0.0316128020081581
766814,2018,M,80+,309,867,6586,0.046917704221075
766814,2019,F,10-19,145,413,22690,0.00639048038783605
766814,2019,F,20-29,222,724,24996,0.00888142102736438
766814,2019,F,30-39,340,1303,33276,0.0102175742276716
766814,2019,F,40-49,477,1797,29993,0.0159037108658687
766814,2019,F,50-59,714,2668,29110,0.0245276537272415
766814,2019,F,60-69,787,3218,29006,0.0271323174515617
766814,2019,F,70-79,794,3021,22276,0.0356437421440115
766814,2019,F,80+,1112,3873,18940,0.0587117212249208
766814,2019,M,10-19,92,280,23760,0.00387205387205387
766814,2019,M,20-29,280,859,26426,0.0105956255203209
766814,2019,M,30-39,408,1314,36125,0.0112941176470588
766814,2019,M,40-49,445,1509,31058,0.0143280314250757
766814,2019,M,50-59,530,1878,26863,0.0197297397907903
766814,2019,M,60-69,490,1803,22319,0.0219543886374838
766814,2019,M,70-79,437,1570,13083,0.0334021248949018
766814,2019,M,80+,325,1098,6838,0.0475285171102662
766814,2020,F,10-19,154,450,23142,0.00665456745311555
766814,2020,F,20-29,254,881,23634,0.0107472285690107
766814,2020,F,30-39,372,1230,33647,0.0110559633845514
766814,2020,F,40-49,556,2135,29871,0.0186133708278933
766814,2020,F,50-59,787,3110,29031,0.0271089524990527
766814,2020,F,60-69,838,3395,29306,0.0285948269978844
766814,2020,F,70-79,903,3482,22498,0.0401369010578718
766814,2020,F,80+,1327,4698,19314,0.0687066376721549
766814,2020,M,10-19,84,222,24149,0.00347840490289453
766814,2020,M,20-29,264,808,25103,0.0105166713141856
766814,2020,M,30-39,420,1381,36306,0.0115683358122624
766814,2020,M,40-49,530,1830,31393,0.0168827445608894
766814,2020,M,50-59,566,1968,26941,0.0210088712371478
766814,2020,M,60-69,575,2054,22643,0.025394161551031202
766814,2020,M,70-79,479,1685,13254,0.0361400331975253
766814,2020,M,80+,424,1282,7091,0.0597941052037794
766814,2021,F,10-19,221,656,23607,0.00936163002499259
766814,2021,F,20-29,303,1116,22602,0.0134058932837802
766814,2021,F,30-39,412,1498,33542,0.0122831077455131
766814,2021,F,40-49,623,2380,29806,0.0209018318459371
766814,2021,F,50-59,858,3330,28875,0.0297142857142857
766814,2021,F,60-69,913,3718,29400,0.0310544217687075
766814,2021,F,70-79,988,3617,22603,0.0437110118125913
766814,2021,F,80+,1573,5512,19937,0.0788985303706676
766814,2021,M,10-19,85,244,24622,0.00345219722199659
766814,2021,M,20-29,284,920,23887,0.0118893121781722
766814,2021,M,30-39,485,1626,36248,0.013380048554403
766814,2021,M,40-49,559,2034,31422,0.0177900833810706
766814,2021,M,50-59,616,2179,27184,0.0226603884638022
766814,2021,M,60-69,662,2439,22981,0.0288064052913276
766814,2021,M,70-79,539,1884,13400,0.0402238805970149
766814,2021,M,80+,481,1501,7466,0.0644253951245647
766814,2022,F,10-19,237,803,23784,0.00996468213925328
766814,2022,F,20-29,395,1401,21817,0.0181051473621488
766814,2022,F,30-39,476,1701,33314,0.0142882872065798
766814,2022,F,40-49,620,2398,29919,0.02072261773455
766814,2022,F,50-59,915,3661,28809,0.0317609080495678
766814,2022,F,60-69,1027,4184,29386,0.0349486149867284
766814,2022,F,70-79,1055,4039,22951,0.0459674959696745
766814,2022,F,80+,1767,6301,19815,0.0891748675246026
766814,2022,M,10-19,98,342,25000,0.00392
766814,2022,M,20-29,301,944,22938,0.0131223297584794
766814,2022,M,30-39,510,1726,35927,0.0141954518885518
766814,2022,M,40-49,599,2122,31579,0.0189683017194971
766814,2022,M,50-59,712,2556,27370,0.0260138838143953
766814,2022,M,60-69,695,2737,23195,0.0299633541711576
766814,2022,M,70-79,583,2097,13686,0.0425982756101125
766814,2022,M,80+,496,1619,7413,0.0669094833400782
766814,2023,F,10-19,287,1056,23990,0.0119633180491872
766814,2023,F,20-29,398,1402,21420,0.0185807656395892
766814,2023,F,30-39,519,1915,32495,0.0159716879519926
766814,2023,F,40-49,672,2774,30293,0.0221833426864292
766814,2023,F,50-59,937,3886,28768,0.0325709121245829
766814,2023,F,60-69,1105,4587,29329,0.0376760203211838
766814,2023,F,70-79,1241,4626,23650,0.0524735729386892
766814,2023,F,80+,1919,7051,19486,0.098480960689726
766814,2023,M,10-19,108,326,25278,0.0042724899121766
766814,2023,M,20-29,334,1088,22210,0.015038271049077
766814,2023,M,30-39,595,2063,35111,0.0169462561590385
766814,2023,M,40-49,673,2397,32042,0.0210036826665002
766814,2023,M,50-59,761,2797,27558,0.0276144858117425
766814,2023,M,60-69,789,3072,23381,0.033745348787477
766814,2023,M,70-79,668,2372,14093,0.047399418150855
766814,2023,M,80+,550,1790,7317,0.0751674183408501
766814,2024,F,10-19,276,1031,24083,0.0114603662334427
766814,2024,F,20-29,500,1711,21122,0.023672000757504
766814,2024,F,30-39,602,2093,31522,0.0190977729839477
766814,2024,F,40-49,791,2927,30710,0.0257570823835884
766814,2024,F,50-59,1034,4141,28793,0.0359115062688848
766814,2024,F,60-69,1174,4819,29173,0.0402426901587084
766814,2024,F,70-79,1389,5276,24393,0.0569425654900996
766814,2024,F,80+,2105,7894,19462,0.108159490288768
766814,2024,M,10-19,117,353,25368,0.00461210974456008
766814,2024,M,20-29,422,1216,21955,0.0192211341380096
766814,2024,M,30-39,643,2198,34075,0.0188701393983859
766814,2024,M,40-49,717,2549,32525,0.0220445810914681
766814,2024,M,50-59,779,2809,27778,0.0280437756497948
766814,2024,M,60-69,849,3233,23466,0.0361800051137816
766814,2024,M,70-79,734,2681,14681,0.0499965942374498
766814,2024,M,80+,589,1964,7267,0.0810513279207376
781039,2012,F,10-19,49,71,21862,0.00224133199158357
781039,2012,F,20-29,528,1205,33450,0.0157847533632287
781039,2012,F,30-39,947,2098,30195,0.0313628084119887
781039,2012,F,40-49,1521,3391,29375,0.0517787234042553
781039,2012,F,50-59,2085,4872,30965,0.0673340868722752
781039,2012,F,60-69,2048,5116,25994,0.078787412479803
781039,2012,F,70-79,1968,5215,23108,0.0851653107149039
781039,2012,F,80+,1212,3456,15579,0.0777970344694781
781039,2012,M,10-19,24,62,23048,0.001041305102395
781039,2012,M,20-29,387,1053,36348,0.0106470782436448
781039,2012,M,30-39,590,1780,32303,0.0182645574714423
781039,2012,M,40-49,659,1741,28946,0.0227665307814551
781039,2012,M,50-59,719,2097,26833,0.0267953639175642
781039,2012,M,60-69,634,1758,18919,0.0335112849516359
781039,2012,M,70-79,479,1303,12690,0.0377462568951931
781039,2012,M,80+,218,655,5352,0.0407324364723468
781039,2013,F,10-19,45,63,21466,0.00209633839560235
781039,2013,F,20-29,543,1137,32615,0.0166487812356278
781039,2013,F,30-39,955,2232,30571,0.0312387556834909
781039,2013,F,40-49,1533,3597,29337,0.0522548317823908
781039,2013,F,50-59,2036,5021,30890,0.0659112981547426
781039,2013,F,60-69,2148,5583,26799,0.0801522444867346
781039,2013,F,70-79,1977,5271,22735,0.086958434132395
781039,2013,F,80+,1262,3802,15972,0.0790132732281493
781039,2013,M,10-19,29,45,22316,0.00129951604230149
781039,2013,M,20-29,370,1066,35512,0.0104190132912818
781039,2013,M,30-39,657,2030,32755,0.0200580064112349
781039,2013,M,40-49,668,1899,29136,0.0229269632070291
781039,2013,M,50-59,753,2145,27004,0.0278847578136572
781039,2013,M,60-69,638,1760,19542,0.0326476307440385
781039,2013,M,70-79,506,1399,12541,0.0403476596762619
781039,2013,M,80+,238,707,5499,0.0432805964720858
781039,2014,F,10-19,52,88,21169,0.00245642212669469
781039,2014,F,20-29,520,1091,31636,0.0164369705398913
781039,2014,F,30-39,1010,2398,30993,0.0325880037427806
781039,2014,F,40-49,1485,3561,29359,0.0505807418508805
781039,2014,F,50-59,2042,4946,30669,0.0665818905083309
781039,2014,F,60-69,2111,5499,27621,0.0764273559972485
781039,2014,F,70-79,2016,5531,22474,0.0897036575598469
781039,2014,F,80+,1277,3913,16222,0.0787202564418691
781039,2014,M,10-19,29,40,22066,0.00131423910087918
781039,2014,M,20-29,357,1010,34434,0.0103676598710577
781039,2014,M,30-39,672,2212,33285,0.0201892744479495
781039,2014,M,40-49,651,1922,29304,0.0222153972153972
781039,2014,M,50-59,725,2156,27067,0.0267853844164481
781039,2014,M,60-69,628,1824,20256,0.0310031595576619
781039,2014,M,70-79,490,1471,12470,0.0392943063352045
781039,2014,M,80+,245,803,5614,0.043640897755611
781039,2015,F,10-19,53,105,21113,0.00251030170984701
781039,2015,F,20-29,501,977,30585,0.0163805787150564
781039,2015,F,30-39,893,2197,31367,0.028469410526987
781039,2015,F,40-49,1451,3484,29457,0.0492582408256102
781039,2015,F,50-59,1884,4665,30260,0.0622604097818903
781039,2015,F,60-69,2200,5711,28514,0.0771550817142456
781039,2015,F,70-79,1881,5300,22106,0.0850900208088302
781039,2015,F,80+,1310,4069,16608,0.0788776493256262
781039,2015,M,10-19,27,53,22061,0.0012238792439146
781039,2015,M,20-29,398,1138,33173,0.0119977089801947
781039,2015,M,30-39,640,2275,33668,0.0190091481525484
781039,2015,M,40-49,615,1854,29708,0.0207014945469234
781039,2015,M,50-59,689,2202,27033,0.0254873672918285
781039,2015,M,60-69,653,1884,21060,0.0310066476733143
781039,2015,M,70-79,462,1392,12207,0.0378471368886704
781039,2015,M,80+,251,877,5810,0.0432013769363167
781039,2016,F,10-19,54,93,21142,0.00255415760098382
781039,2016,F,20-29,430,958,29457,0.0145975489696846
781039,2016,F,30-39,903,2187,31768,0.0284248300176278
781039,2016,F,40-49,1320,3228,29744,0.0443786982248521
781039,2016,F,50-59,1733,4327,29826,0.0581036679407229
781039,2016,F,60-69,2013,5341,28841,0.0697964703026941
781039,2016,F,70-79,1790,5202,22023,0.081278663215729
781039,2016,F,80+,1271,4065,17129,0.074201646330784
781039,2016,M,10-19,28,54,22245,0.00125870982243201
781039,2016,M,20-29,344,971,31733,0.0108404500047269
781039,2016,M,30-39,616,2127,34101,0.0180639863933609
781039,2016,M,40-49,609,1711,30136,0.0202083886381736
781039,2016,M,50-59,602,1941,26974,0.0223177874990732
781039,2016,M,60-69,648,1973,21508,0.03012832434443
781039,2016,M,70-79,417,1376,12214,0.0341411495005731
781039,2016,M,80+,230,779,6077,0.0378476221819977
781039,2017,F,10-19,43,68,21484,0.00200148948054366
781039,2017,F,20-29,422,998,28030,0.0150552978951124
781039,2017,F,30-39,814,2055,32292,0.0252074817292209
781039,2017,F,40-49,1302,3099,29964,0.0434521425710853
781039,2017,F,50-59,1723,4344,29495,0.0584166807933548
781039,2017,F,60-69,1914,5019,29029,0.0659340659340659
781039,2017,F,70-79,1741,5217,21919,0.0794288060586706
781039,2017,F,80+,1274,4148,17811,0.0715288304980068
781039,2017,M,10-19,26,44,22630,0.00114891736632788
781039,2017,M,20-29,314,866,30033,0.0104551659840842
781039,2017,M,30-39,585,1762,34756,0.0168316261940384
781039,2017,M,40-49,615,1834,30631,0.0200776990630407
781039,2017,M,50-59,586,1814,26857,0.0218192649960904
781039,2017,M,60-69,641,2014,21738,0.0294875333517343
781039,2017,M,70-79,404,1351,12492,0.0323406980467499
781039,2017,M,80+,222,757,6347,0.03497715456121
781039,2018,F,10-19,60,105,22049,0.00272121184634224
781039,2018,F,20-29,430,948,26526,0.0162105104425846
781039,2018,F,30-39,835,2042,32795,0.0254611983534075
781039,2018,F,40-49,1217,2944,29968,0.0406099839829151
781039,2018,F,50-59,1578,3974,29391,0.0536899050729815
781039,2018,F,60-69,1879,4827,29035,0.0647149991389702
781039,2018,F,70-79,1670,5127,22040,0.0757713248638839
781039,2018,F,80+,1263,3952,18355,0.0688095886679379
781039,2018,M,10-19,40,64,23258,0.00171983833519649
781039,2018,M,20-29,320,746,28198,0.0113483225760692
781039,2018,M,30-39,605,1765,35519,0.0170331371941778
781039,2018,M,40-49,623,1841,30813,0.0202187388439944
781039,2018,M,50-59,607,1817,26848,0.0226087604290822
781039,2018,M,60-69,591,1844,22092,0.0267517653449212
781039,2018,M,70-79,407,1272,12748,0.0319265767179165
781039,2018,M,80+,212,737,6586,0.0321894928636502
781039,2019,F,10-19,75,140,22690,0.00330542089026003
781039,2019,F,20-29,422,975,24996,0.0168827012321972
781039,2019,F,30-39,821,2155,33276,0.0246724365909364
781039,2019,F,40-49,1202,2924,29993,0.0400760177374721
781039,2019,F,50-59,1570,3907,29110,0.0539333562349708
781039,2019,F,60-69,1769,4692,29006,0.0609873819209819
781039,2019,F,70-79,1679,4836,22276,0.0753725983120848
781039,2019,F,80+,1245,4046,18940,0.0657338965153115
781039,2019,M,10-19,41,57,23760,0.00172558922558923
781039,2019,M,20-29,280,681,26426,0.0105956255203209
781039,2019,M,30-39,614,1933,36125,0.0169965397923875
781039,2019,M,40-49,635,1907,31058,0.0204456178762316
781039,2019,M,50-59,624,1884,26863,0.0232289766593456
781039,2019,M,60-69,582,1822,22319,0.0260764371163583
781039,2019,M,70-79,401,1269,13083,0.030650462432163902
781039,2019,M,80+,220,747,6838,0.0321731500438725
781039,2020,F,10-19,58,77,23142,0.0025062656641604
781039,2020,F,20-29,394,885,23634,0.0166708978590167
781039,2020,F,30-39,858,2366,33647,0.0255000445804975
781039,2020,F,40-49,1180,2949,29871,0.0395031970807807
781039,2020,F,50-59,1542,4023,29031,0.0531156350108505
781039,2020,F,60-69,1834,4964,29306,0.0625810414249642
781039,2020,F,70-79,1600,4861,22498,0.0711174326606809
781039,2020,F,80+,1228,4319,19314,0.0635808222015119
781039,2020,M,10-19,32,53,24149,0.00132510662967411
781039,2020,M,20-29,262,784,25103,0.0104369995618054
781039,2020,M,30-39,611,1921,36306,0.0168291742411723
781039,2020,M,40-49,623,2044,31393,0.0198451884178001
781039,2020,M,50-59,566,1751,26941,0.0210088712371478
781039,2020,M,60-69,581,1892,22643,0.0256591441063463
781039,2020,M,70-79,387,1165,13254,0.0291987324581258
781039,2020,M,80+,228,788,7091,0.0321534339303342
781039,2021,F,10-19,74,145,23607,0.00313466344728259
781039,2021,F,20-29,468,917,22602,0.0207061322006902
781039,2021,F,30-39,825,2266,33542,0.0245960288593405
781039,2021,F,40-49,1099,2734,29806,0.0368717707844058
781039,2021,F,50-59,1434,3626,28875,0.0496623376623377
781039,2021,F,60-69,1734,4630,29400,0.0589795918367347
781039,2021,F,70-79,1526,4609,22603,0.06751316196965
781039,2021,F,80+,1275,4413,19937,0.0639514470582334
781039,2021,M,10-19,26,62,24622,0.00105596620908131
781039,2021,M,20-29,253,730,23887,0.0105915351446393
781039,2021,M,30-39,637,2028,36248,0.0175733833590819
781039,2021,M,40-49,644,2044,31422,0.0204951944497486
781039,2021,M,50-59,553,1667,27184,0.0203428487345497
781039,2021,M,60-69,570,1944,22981,0.0248030982115661
781039,2021,M,70-79,366,1155,13400,0.0273134328358209
781039,2021,M,80+,208,714,7466,0.0278596303241361
781039,2022,F,10-19,61,106,23784,0.00256474941136899
781039,2022,F,20-29,433,864,21817,0.0198469083742036
781039,2022,F,30-39,845,2288,33314,0.025364711532689
781039,2022,F,40-49,1045,2660,29919,0.034927637955814
781039,2022,F,50-59,1419,3509,28809,0.0492554410080183
781039,2022,F,60-69,1666,4618,29386,0.0566936636493568
781039,2022,F,70-79,1489,4496,22951,0.0648773473922705
781039,2022,F,80+,1238,4394,19815,0.0624779207670956
781039,2022,M,10-19,29,66,25000,0.00116
781039,2022,M,20-29,236,748,22938,0.0102886040631267
781039,2022,M,30-39,580,1998,35927,0.016143847245804
781039,2022,M,40-49,639,2182,31579,0.0202349662750562
781039,2022,M,50-59,533,1649,27370,0.0194738765071246
781039,2022,M,60-69,539,1929,23195,0.0232377667600776
781039,2022,M,70-79,392,1299,13686,0.028642408300453
781039,2022,M,80+,186,645,7413,0.0250910562525293
781039,2023,F,10-19,56,80,23990,0.00233430596081701
781039,2023,F,20-29,414,837,21420,0.019327731092437
781039,2023,F,30-39,719,1868,32495,0.0221264809970765
781039,2023,F,40-49,1031,2656,30293,0.0340342653418281
781039,2023,F,50-59,1346,3438,28768,0.0467880978865406
781039,2023,F,60-69,1569,4292,29329,0.0534965392614818
781039,2023,F,70-79,1388,4086,23650,0.0586892177589852
781039,2023,F,80+,1157,3936,19486,0.0593759622292928
781039,2023,M,10-19,23,52,25278,9.0988211092649e-4
781039,2023,M,20-29,225,792,22210,0.010130571814498
781039,2023,M,30-39,561,1959,35111,0.0159778986642363
781039,2023,M,40-49,593,2080,32042,0.0185069596155047
781039,2023,M,50-59,517,1505,27558,0.0187604325422745
781039,2023,M,60-69,511,1776,23381,0.0218553526367563
781039,2023,M,70-79,400,1301,14093,0.0283828851202725
781039,2023,M,80+,170,622,7317,0.02323356566899
781039,2024,F,10-19,56,92,24083,0.00232529169953909
781039,2024,F,20-29,396,831,21122,0.0187482245999432
781039,2024,F,30-39,729,1935,31522,0.0231267051583021
781039,2024,F,40-49,1002,2534,30710,0.032627808531423
781039,2024,F,50-59,1180,3060,28793,0.0409821831695204
781039,2024,F,60-69,1469,4075,29173,0.0503547801048915
781039,2024,F,70-79,1283,3759,24393,0.0525970565326118
781039,2024,F,80+,1064,3663,19462,0.054670640221971
781039,2024,M,10-19,10,13,25368,3.9419741406496e-4
781039,2024,M,20-29,189,670,21955,0.00860851742199954
781039,2024,M,30-39,481,1740,34075,0.0141159207630227
781039,2024,M,40-49,598,2109,32525,0.0183858570330515
781039,2024,M,50-59,469,1472,27778,0.0168838649290806
781039,2024,M,60-69,459,1601,23466,0.0195602147788289
781039,2024,M,70-79,364,1207,14681,0.0247939513657108
781039,2024,M,80+,153,542,7267,0.0210540800880694
1307046,2012,F,0-9,6,19,23814,2.5195263290501e-4
1307046,2012,F,10-19,28,68,21862,0.00128076113804775
1307046,2012,F,20-29,145,324,33450,0.00433482810164424
1307046,2012,F,30-39,387,1093,30195,0.0128166915052161
1307046,2012,F,40-49,1142,3902,29375,0.0388765957446809
1307046,2012,F,50-59,3262,12214,30965,0.105344744065881
1307046,2012,F,60-69,5048,21006,25994,0.194198661229515
1307046,2012,F,70-79,6865,29721,23108,0.29708326120824
1307046,2012,F,80+,4960,21458,15579,0.318377302779382
1307046,2012,M,10-19,41,104,23048,0.00177889621659146
1307046,2012,M,20-29,137,295,36348,0.00376912072191042
1307046,2012,M,30-39,297,904,32303,0.00919419248986162
1307046,2012,M,40-49,809,2904,28946,0.0279485939335314
1307046,2012,M,50-59,2199,8396,26833,0.0819513285879328
1307046,2012,M,60-69,3207,13337,18919,0.169512130662297
1307046,2012,M,70-79,3044,12883,12690,0.239873916469661
1307046,2012,M,80+,1395,5871,5352,0.260650224215247
1307046,2013,F,10-19,39,86,21466,0.00181682660952203
1307046,2013,F,20-29,163,387,32615,0.00499770044458071
1307046,2013,F,30-39,418,1150,30571,0.0136730888750777
1307046,2013,F,40-49,1122,4026,29337,0.0382452193475816
1307046,2013,F,50-59,3122,12786,30890,0.101068306895435
1307046,2013,F,60-69,5198,23891,26799,0.193962461285869
1307046,2013,F,70-79,6786,33232,22735,0.298482515944579
1307046,2013,F,80+,5358,26105,15972,0.335462058602554
1307046,2013,M,10-19,31,82,22316,0.00138913783832228
1307046,2013,M,20-29,145,316,35512,0.0040831268303672
1307046,2013,M,30-39,278,951,32755,0.00848725385437338
1307046,2013,M,40-49,799,3109,29136,0.0274231191652938
1307046,2013,M,50-59,2246,9658,27004,0.0831728632795141
1307046,2013,M,60-69,3282,15155,19542,0.167945962542217
1307046,2013,M,70-79,3124,14813,12541,0.249102942349095
1307046,2013,M,80+,1541,7091,5499,0.280232769594472
1307046,2014,F,10-19,22,57,21169,0.00103925551514006
1307046,2014,F,20-29,142,331,31636,0.00448855733973954
1307046,2014,F,30-39,352,951,30993,0.0113574032846127
1307046,2014,F,40-49,1088,3755,29359,0.0370584829183555
1307046,2014,F,50-59,2949,11331,30669,0.0961557272816199
1307046,2014,F,60-69,5185,22914,27621,0.187719488794758
1307046,2014,F,70-79,6713,31575,22474,0.298700720832963
1307046,2014,F,80+,5690,26636,16222,0.350758229564789
1307046,2014,M,10-19,25,75,22066,0.00113296474213722
1307046,2014,M,20-29,112,259,34434,0.00325259917523378
1307046,2014,M,30-39,275,874,33285,0.00826197987081268
1307046,2014,M,40-49,745,2857,29304,0.0254231504231504
1307046,2014,M,50-59,2148,9099,27067,0.0793586285883179
1307046,2014,M,60-69,3323,14897,20256,0.164050157977883
1307046,2014,M,70-79,3183,14645,12470,0.255252606255012
1307046,2014,M,80+,1619,7310,5614,0.288386177413609
1307046,2015,F,10-19,26,55,21113,0.00123146876332118
1307046,2015,F,20-29,132,263,30585,0.00431584109857773
1307046,2015,F,30-39,335,944,31367,0.0106800140274811
1307046,2015,F,40-49,976,3523,29457,0.0331330413823539
1307046,2015,F,50-59,2721,10760,30260,0.089920687376074
1307046,2015,F,60-69,5223,23466,28514,0.183173178087957
1307046,2015,F,70-79,6614,31789,22106,0.299194788745137
1307046,2015,F,80+,5940,28389,16608,0.357658959537572
1307046,2015,M,10-19,36,107,22061,0.00163183899188613
1307046,2015,M,20-29,140,375,33173,0.00422029964127453
1307046,2015,M,30-39,277,893,33668,0.00822739693477486
1307046,2015,M,40-49,777,2956,29708,0.0261545711592837
1307046,2015,M,50-59,2164,9116,27033,0.0800503088817371
1307046,2015,M,60-69,3509,15842,21060,0.16661918328585
1307046,2015,M,70-79,3191,14731,12207,0.261407389202916
1307046,2015,M,80+,1740,8007,5810,0.299483648881239
1307046,2016,F,10-19,22,51,21142,0.00104058272632674
1307046,2016,F,20-29,127,271,29457,0.0043113691143022
1307046,2016,F,30-39,332,1029,31768,0.0104507680684966
1307046,2016,F,40-49,958,3282,29744,0.0322081764389457
1307046,2016,F,50-59,2608,10456,29826,0.0874404881646885
1307046,2016,F,60-69,5236,23661,28841,0.181547103082417
1307046,2016,F,70-79,6667,32288,22023,0.302728965172774
1307046,2016,F,80+,6239,30432,17129,0.364236090840096
1307046,2016,M,10-19,38,125,22245,0.00170824904472915
1307046,2016,M,20-29,134,346,31733,0.00422273343207387
1307046,2016,M,30-39,273,895,34101,0.00800563033342131
1307046,2016,M,40-49,791,3055,30136,0.0262476771967083
1307046,2016,M,50-59,2144,9263,26974,0.0794839475050048
1307046,2016,M,60-69,3609,16488,21508,0.167798028640506
1307046,2016,M,70-79,3253,15319,12214,0.266333715408548
1307046,2016,M,80+,1883,8883,6077,0.309856837255225
1307046,2017,F,10-19,26,47,21484,0.00121020294172407
1307046,2017,F,20-29,85,205,28030,0.00303246521584017
1307046,2017,F,30-39,325,955,32292,0.0100644122383253
1307046,2017,F,40-49,997,3427,29964,0.0332732612468295
1307046,2017,F,50-59,2450,9899,29495,0.0830649262586879
1307046,2017,F,60-69,5186,23895,29029,0.178648937269627
1307046,2017,F,70-79,6560,32135,21919,0.299283726447374
1307046,2017,F,80+,6678,33043,17811,0.374936836786256
1307046,2017,M,10-19,19,80,22630,8.3959346000883e-4
1307046,2017,M,20-29,130,350,30033,0.00432857190423867
1307046,2017,M,30-39,250,861,34756,0.00719300264702497
1307046,2017,M,40-49,814,3197,30631,0.0265743854265287
1307046,2017,M,50-59,2116,9418,26857,0.0787876531258145
1307046,2017,M,60-69,3647,16805,21738,0.167770724077652
1307046,2017,M,70-79,3376,15889,12492,0.270252961895613
1307046,2017,M,80+,2055,9669,6347,0.323775011816606
1307046,2018,F,10-19,26,79,22049,0.00117919180008164
1307046,2018,F,20-29,106,230,26526,0.00399607931840458
1307046,2018,F,30-39,315,949,32795,0.0096051227321238
1307046,2018,F,40-49,955,3466,29968,0.0318673251468233
1307046,2018,F,50-59,2415,9917,29391,0.0821680106154945
1307046,2018,F,60-69,5162,23684,29035,0.177785431375926
1307046,2018,F,70-79,6609,32843,22040,0.29986388384755
1307046,2018,F,80+,6963,35057,18355,0.379351675292836
1307046,2018,M,10-19,29,92,23258,0.00124688279301746
1307046,2018,M,20-29,118,327,28198,0.00418469394992553
1307046,2018,M,30-39,255,764,35519,0.00717925617275261
1307046,2018,M,40-49,789,3277,30813,0.0256060753578035
1307046,2018,M,50-59,2106,9381,26848,0.0784415971394517
1307046,2018,M,60-69,3747,17666,22092,0.169608908202064
1307046,2018,M,70-79,3528,17078,12748,0.276749294006903
1307046,2018,M,80+,2225,10694,6586,0.337837837837838
1307046,2019,F,10-19,24,63,22690,0.00105773468488321
1307046,2019,F,20-29,93,235,24996,0.00372059529524724
1307046,2019,F,30-39,309,872,33276,0.00928597187161919
1307046,2019,F,40-49,896,3195,29993,0.0298736371820091
1307046,2019,F,50-59,2299,9520,29110,0.0789762968052216
1307046,2019,F,60-69,4948,22608,29006,0.17058539612494
1307046,2019,F,70-79,6623,32298,22276,0.297315496498474
1307046,2019,F,80+,7329,36578,18940,0.386958817317846
1307046,2019,M,10-19,31,106,23760,0.0013047138047138
1307046,2019,M,20-29,116,364,26426,0.00438961628699009
1307046,2019,M,30-39,254,810,36125,0.00703114186851211
1307046,2019,M,40-49,771,3099,31058,0.0248245218623221
1307046,2019,M,50-59,2108,9245,26863,0.0784722480735584
1307046,2019,M,60-69,3761,17413,22319,0.16851113401138
1307046,2019,M,70-79,3643,17370,13083,0.278452954215394
1307046,2019,M,80+,2371,11219,6838,0.34673881251828
1307046,2020,F,10-19,27,88,23142,0.00116670987814363
1307046,2020,F,20-29,81,176,23634,0.00342726580350343
1307046,2020,F,30-39,321,925,33647,0.00954022646892739
1307046,2020,F,40-49,936,3329,29871,0.0313347393793311
1307046,2020,F,50-59,2275,9530,29031,0.0783645069064104
1307046,2020,F,60-69,4872,22534,29306,0.166245819968607
1307046,2020,F,70-79,6659,33086,22498,0.295981865054672
1307046,2020,F,80+,7637,38208,19314,0.395412654033344
1307046,2020,M,10-19,21,80,24149,8.6960122572363e-4
1307046,2020,M,20-29,110,339,25103,0.00438194638091065
1307046,2020,M,30-39,279,889,36306,0.00768468021814576
1307046,2020,M,40-49,805,3215,31393,0.0256426591915395
1307046,2020,M,50-59,2054,9004,26941,0.0762406740655506
1307046,2020,M,60-69,3939,18286,22643,0.173961047564369
1307046,2020,M,70-79,3673,17942,13254,0.277123887128414
1307046,2020,M,80+,2476,11904,7091,0.349175010576787
1307046,2021,F,10-19,32,92,23607,0.00135553013936544
1307046,2021,F,20-29,100,266,22602,0.0044243872223697
1307046,2021,F,30-39,322,945,33542,0.00959990459722139
1307046,2021,F,40-49,937,3347,29806,0.0314366234986244
1307046,2021,F,50-59,2200,9333,28875,0.0761904761904762
1307046,2021,F,60-69,4811,21817,29400,0.163639455782313
1307046,2021,F,70-79,6546,32231,22603,0.289607574215812
1307046,2021,F,80+,7888,38699,19937,0.395646285800271
1307046,2021,M,10-19,24,101,24622,9.7473803915197e-4
1307046,2021,M,20-29,101,298,23887,0.00422824130280069
1307046,2021,M,30-39,317,1047,36248,0.00874531008607372
1307046,2021,M,40-49,787,3266,31422,0.025046146012348
1307046,2021,M,50-59,2086,9220,27184,0.0767363154796939
1307046,2021,M,60-69,3947,18084,22981,0.171750576563248
1307046,2021,M,70-79,3805,18136,13400,0.283955223880597
1307046,2021,M,80+,2568,11782,7466,0.343959282078757
1307046,2022,F,10-19,39,100,23784,0.00163975782038345
1307046,2022,F,20-29,125,303,21817,0.00572947701333822
1307046,2022,F,30-39,335,1035,33314,0.010055832382782
1307046,2022,F,40-49,939,3481,29919,0.0313847387947458
1307046,2022,F,50-59,2222,9360,28809,0.0771286750668194
1307046,2022,F,60-69,4773,22323,29386,0.162424283672497
1307046,2022,F,70-79,6558,32975,22951,0.285739183477844
1307046,2022,F,80+,7820,39529,19815,0.394650517284885
1307046,2022,M,10-19,33,125,25000,0.00132
1307046,2022,M,20-29,90,272,22938,0.00392362019356526
1307046,2022,M,30-39,315,1100,35927,0.00876777910763493
1307046,2022,M,40-49,776,3157,31579,0.024573292377846
1307046,2022,M,50-59,2053,9250,27370,0.075009134088418
1307046,2022,M,60-69,3936,18421,23195,0.169691743910325
1307046,2022,M,70-79,3931,19309,13686,0.287227824053778
1307046,2022,M,80+,2540,11897,7413,0.34264130581411
1307046,2023,F,10-19,36,86,23990,0.00150062526052522
1307046,2023,F,20-29,124,343,21420,0.0057889822595705
1307046,2023,F,30-39,341,1073,32495,0.010493922141868
1307046,2023,F,40-49,871,3287,30293,0.0287525170831545
1307046,2023,F,50-59,2109,9099,28768,0.0733106229143493
1307046,2023,F,60-69,4663,21395,29329,0.158989396160796
1307046,2023,F,70-79,6771,33569,23650,0.28630021141649
1307046,2023,F,80+,7905,39533,19486,0.405675869855281
1307046,2023,M,10-19,31,93,25278,0.0012263628451618
1307046,2023,M,20-29,100,298,22210,0.0045024763619991
1307046,2023,M,30-39,298,1062,35111,0.00848736863091339
1307046,2023,M,40-49,782,3202,32042,0.0244054678234817
1307046,2023,M,50-59,1981,8892,27558,0.0718847521590827
1307046,2023,M,60-69,3961,18648,23381,0.169411060262606
1307046,2023,M,70-79,4029,19580,14093,0.285886610373945
1307046,2023,M,80+,2586,12230,7317,0.353423534235342
1307046,2024,F,10-19,35,127,24083,0.00145330731221193
1307046,2024,F,20-29,125,339,21122,0.00591800018937601
1307046,2024,F,30-39,352,1123,31522,0.0111668041367933
1307046,2024,F,40-49,876,3224,30710,0.0285249104526213
1307046,2024,F,50-59,2010,8521,28793,0.0698086340429966
1307046,2024,F,60-69,4462,20256,29173,0.152949645219895
1307046,2024,F,70-79,6817,33764,24393,0.279465420407494
1307046,2024,F,80+,7971,39684,19462,0.409567362038845
1307046,2024,M,10-19,42,141,25368,0.00165562913907285
1307046,2024,M,20-29,97,311,21955,0.00441812798906855
1307046,2024,M,30-39,285,1070,34075,0.00836390315480558
1307046,2024,M,40-49,780,3073,32525,0.0239815526518063
1307046,2024,M,50-59,1992,8914,27778,0.0717114263085895
1307046,2024,M,60-69,3910,18120,23466,0.166624051819654
1307046,2024,M,70-79,4178,19871,14681,0.284585518697636
1307046,2024,M,80+,2635,12399,7267,0.362598045961194
1332418,2012,F,20-29,18,38,33450,5.3811659192825e-4
1332418,2012,F,30-39,91,215,30195,0.00301374399735055
1332418,2012,F,40-49,481,1591,29375,0.0163744680851064
1332418,2012,F,50-59,1697,5848,30965,0.0548038107540772
1332418,2012,F,60-69,2958,11473,25994,0.113795491267216
1332418,2012,F,70-79,3624,14285,23108,0.156828803877445
1332418,2012,F,80+,2264,8866,15579,0.145323833365428
1332418,2012,M,10-19,7,16,23048,3.0371398819854e-4
1332418,2012,M,20-29,61,177,36348,0.00167822163530318
1332418,2012,M,30-39,196,590,32303,0.00606754790576727
1332418,2012,M,40-49,725,2537,28946,0.0250466385683687
1332418,2012,M,50-59,1849,6613,26833,0.0689076882942645
1332418,2012,M,60-69,2251,8983,18919,0.118980918653206
1332418,2012,M,70-79,1874,7729,12690,0.147675334909377
1332418,2012,M,80+,675,2626,5352,0.126121076233184
1332418,2013,F,20-29,14,33,32615,4.2925034493331e-4
1332418,2013,F,30-39,90,246,30571,0.00294396650420333
1332418,2013,F,40-49,505,1848,29337,0.0172137573712377
1332418,2013,F,50-59,1931,7233,30890,0.0625121398510845
1332418,2013,F,60-69,3399,14544,26799,0.12683309078697
1332418,2013,F,70-79,4080,17604,22735,0.179458983945459
1332418,2013,F,80+,2596,11424,15972,0.162534435261708
1332418,2013,M,10-19,5,13,22316,2.2405449005198e-4
1332418,2013,M,20-29,61,181,35512,0.00171772921829241
1332418,2013,M,30-39,231,760,32755,0.00705235841856205
1332418,2013,M,40-49,848,3354,29136,0.029104887424492
1332418,2013,M,50-59,2159,8681,27004,0.0799511183528366
1332418,2013,M,60-69,2651,11527,19542,0.135656534643332
1332418,2013,M,70-79,2071,9298,12541,0.165138346224384
1332418,2013,M,80+,805,3444,5499,0.146390252773232
1332418,2014,F,20-29,14,44,31636,4.4253382222784e-4
1332418,2014,F,30-39,92,283,30993,0.00296841222211467
1332418,2014,F,40-49,494,1751,29359,0.0168261861780033
1332418,2014,F,50-59,1931,7440,30669,0.062962600671688
1332418,2014,F,60-69,3636,15080,27621,0.131638970348648
1332418,2014,F,70-79,4254,17993,22474,0.189285396458129
1332418,2014,F,80+,2836,11877,16222,0.174824312661817
1332418,2014,M,10-19,5,6,22066,2.2659294842744e-4
1332418,2014,M,20-29,59,172,34434,0.00171342277981065
1332418,2014,M,30-39,256,916,33285,0.00769115217064744
1332418,2014,M,40-49,938,3731,29304,0.032009282009282
1332418,2014,M,50-59,2356,9403,27067,0.0870432630140023
1332418,2014,M,60-69,2895,12473,20256,0.142920616113744
1332418,2014,M,70-79,2165,9438,12470,0.173616680032077
1332418,2014,M,80+,869,3587,5614,0.154791592447453
1332418,2015,F,20-29,15,38,30585,4.9043648847474e-4
1332418,2015,F,30-39,108,357,31367,0.00344310899990436
1332418,2015,F,40-49,506,1781,29457,0.0171775808806056
1332418,2015,F,50-59,2038,8084,30260,0.067349636483807
1332418,2015,F,60-69,4029,17183,28514,0.141299011012134
1332418,2015,F,70-79,4395,19285,22106,0.198814801411382
1332418,2015,F,80+,3178,13814,16608,0.191353564547206
1332418,2015,M,10-19,7,14,22061,3.1730202620008e-4
1332418,2015,M,20-29,62,204,33173,0.00186898984113586
1332418,2015,M,30-39,264,972,33668,0.00784127361292622
1332418,2015,M,40-49,1002,4100,29708,0.0337282886764508
1332418,2015,M,50-59,2624,10816,27033,0.0970665482928273
1332418,2015,M,60-69,3326,14647,21060,0.157929724596391
1332418,2015,M,70-79,2248,9920,12207,0.184156631440976
1332418,2015,M,80+,970,4031,5810,0.166953528399312
1332418,2016,F,10-19,6,13,21142,2.837952889982e-4
1332418,2016,F,20-29,17,36,29457,5.7711240112706e-4
1332418,2016,F,30-39,119,387,31768,0.00374590783178041
1332418,2016,F,40-49,500,1895,29744,0.0168101129639591
1332418,2016,F,50-59,2101,8542,29826,0.0704418963320593
1332418,2016,F,60-69,4242,18424,28841,0.147082278700461
1332418,2016,F,70-79,4641,20856,22023,0.210734232393407
1332418,2016,F,80+,3515,15611,17129,0.205207542763734
1332418,2016,M,10-19,9,22,22245,4.0458530006743e-4
1332418,2016,M,20-29,69,254,31733,0.00217439258815744
1332418,2016,M,30-39,269,1061,34101,0.00788833172047741
1332418,2016,M,40-49,1090,4511,30136,0.0361693655428723
1332418,2016,M,50-59,2782,11861,26974,0.103136353525617
1332418,2016,M,60-69,3661,16381,21508,0.170215733680491
1332418,2016,M,70-79,2442,10903,12214,0.199934501391845
1332418,2016,M,80+,1050,4606,6077,0.172782623004772
1332418,2017,F,10-19,5,17,21484,2.3273133494693e-4
1332418,2017,F,20-29,18,42,28030,6.4216910453086e-4
1332418,2017,F,30-39,119,385,32292,0.00368512325034064
1332418,2017,F,40-49,579,2186,29964,0.0193231878253905
1332418,2017,F,50-59,2171,9148,29495,0.0736056958806577
1332418,2017,F,60-69,4303,19142,29029,0.148231079265562
1332418,2017,F,70-79,4831,22056,21919,0.22040239062001
1332418,2017,F,80+,3886,17726,17811,0.218179776542586
1332418,2017,M,10-19,6,29,22630,2.6513477684489e-4
1332418,2017,M,20-29,74,265,30033,0.00246395631472047
1332418,2017,M,30-39,295,1135,34756,0.00848774312348947
1332418,2017,M,40-49,1167,4926,30631,0.0380986582220626
1332418,2017,M,50-59,2964,12730,26857,0.110362289161113
1332418,2017,M,60-69,3992,18266,21738,0.183641549360567
1332418,2017,M,70-79,2656,12265,12492,0.212616074287544
1332418,2017,M,80+,1157,5130,6347,0.182290846069009
1332418,2018,F,20-29,13,27,26526,4.9008519942697e-4
1332418,2018,F,30-39,129,478,32795,0.00393352645220308
1332418,2018,F,40-49,613,2344,29968,0.0204551521623065
1332418,2018,F,50-59,2206,9429,29391,0.075056990235106
1332418,2018,F,60-69,4550,20501,29035,0.156707422076804
1332418,2018,F,70-79,5036,23882,22040,0.228493647912886
1332418,2018,F,80+,4311,19893,18355,0.234867883410515
1332418,2018,M,10-19,8,30,23258,3.4396766703929e-4
1332418,2018,M,20-29,86,312,28198,0.0030498616923186
1332418,2018,M,30-39,329,1255,35519,0.00926264816013964
1332418,2018,M,40-49,1320,5501,30813,0.0428390614351086
1332418,2018,M,50-59,3198,14024,26848,0.119115017878427
1332418,2018,M,60-69,4277,20088,22092,0.193599493029151
1332418,2018,M,70-79,2869,13652,12748,0.225054910574208
1332418,2018,M,80+,1314,5898,6586,0.199514120862435
1332418,2019,F,20-29,18,44,24996,7.2011521843495e-4
1332418,2019,F,30-39,131,469,33276,0.00393677124654406
1332418,2019,F,40-49,636,2643,29993,0.0212049478211583
1332418,2019,F,50-59,2254,9675,29110,0.0774304362761938
1332418,2019,F,60-69,4714,21172,29006,0.16251809970351
1332418,2019,F,70-79,5323,25142,22276,0.238956724726163
1332418,2019,F,80+,4787,22026,18940,0.252745512143611
1332418,2019,M,10-19,9,31,23760,3.7878787878787e-4
1332418,2019,M,20-29,89,286,26426,0.00336789525467343
1332418,2019,M,30-39,391,1573,36125,0.0108235294117647
1332418,2019,M,40-49,1445,6135,31058,0.046525854852212
1332418,2019,M,50-59,3366,14863,26863,0.125302460633585
1332418,2019,M,60-69,4563,21107,22319,0.204444643577221
1332418,2019,M,70-79,3089,14829,13083,0.236107926316594
1332418,2019,M,80+,1447,6403,6838,0.211611582334016
1332418,2020,F,10-19,5,19,23142,2.1605738484141e-4
1332418,2020,F,20-29,25,57,23634,0.00105779808750106
1332418,2020,F,30-39,122,477,33647,0.00362588046482599
1332418,2020,F,40-49,659,2664,29871,0.0220615312510462
1332418,2020,F,50-59,2308,10180,29031,0.0795012228307671
1332418,2020,F,60-69,4835,22346,29306,0.164983279874428
1332418,2020,F,70-79,5554,26946,22498,0.246866388123389
1332418,2020,F,80+,5080,23676,19314,0.263021642331987
1332418,2020,M,10-19,9,30,24149,3.7268623959584e-4
1332418,2020,M,20-29,73,260,25103,0.00290801896187707
1332418,2020,M,30-39,429,1671,36306,0.0118162287225252
1332418,2020,M,40-49,1485,6397,31393,0.0473035390055108
1332418,2020,M,50-59,3562,15851,26941,0.132214839835195
1332418,2020,M,60-69,4914,22914,22643,0.217020712803074
1332418,2020,M,70-79,3303,15963,13254,0.249207786328656
1332418,2020,M,80+,1539,7054,7091,0.217035679029756
1332418,2021,F,10-19,6,36,23607,2.5416190113102e-4
1332418,2021,F,20-29,30,78,22602,0.00132731616671091
1332418,2021,F,30-39,135,525,33542,0.00402480472243754
1332418,2021,F,40-49,654,2662,29806,0.0219418908944508
1332418,2021,F,50-59,2295,10205,28875,0.0794805194805195
1332418,2021,F,60-69,4846,22358,29400,0.164829931972789
1332418,2021,F,70-79,5678,27071,22603,0.251205592178029
1332418,2021,F,80+,5373,24626,19937,0.26949892160305
1332418,2021,M,10-19,14,36,24622,5.6859718950532e-4
1332418,2021,M,20-29,77,239,23887,0.00322351069619458
1332418,2021,M,30-39,445,1758,36248,0.012276539395277
1332418,2021,M,40-49,1505,6513,31422,0.0478963783336516
1332418,2021,M,50-59,3673,16633,27184,0.135116244849912
1332418,2021,M,60-69,5073,23842,22981,0.220747574082938
1332418,2021,M,70-79,3454,16319,13400,0.257761194029851
1332418,2021,M,80+,1663,7398,7466,0.222743102062684
1332418,2022,F,10-19,6,27,23784,2.5227043390514e-4
1332418,2022,F,20-29,22,70,21817,0.00100838795434753
1332418,2022,F,30-39,152,543,33314,0.00456264633487423
1332418,2022,F,40-49,710,2947,29919,0.0237307396637588
1332418,2022,F,50-59,2362,10427,28809,0.0819882675552779
1332418,2022,F,60-69,4994,23235,29386,0.169944871707616
1332418,2022,F,70-79,5995,28979,22951,0.261208661931942
1332418,2022,F,80+,5564,26071,19815,0.28079737572546
1332418,2022,M,10-19,9,38,25000,3.6e-4
1332418,2022,M,20-29,89,300,22938,0.00388002441363676
1332418,2022,M,30-39,496,1993,35927,0.0138057728171013
1332418,2022,M,40-49,1585,6862,31579,0.0501915830140283
1332418,2022,M,50-59,3805,17345,27370,0.139020825721593
1332418,2022,M,60-69,5331,25082,23195,0.229834015951714
1332418,2022,M,70-79,3719,17988,13686,0.271737542013737
1332418,2022,M,80+,1740,7964,7413,0.234722784297855
1332418,2023,F,10-19,5,19,23990,2.0842017507294e-4
1332418,2023,F,20-29,29,89,21420,0.00135387488328665
1332418,2023,F,30-39,164,610,32495,0.00504693029696876
1332418,2023,F,40-49,771,3188,30293,0.0254514244214835
1332418,2023,F,50-59,2452,10775,28768,0.0852335928809789
1332418,2023,F,60-69,5112,23402,29329,0.174298475911214
1332418,2023,F,70-79,6398,30631,23650,0.270528541226216
1332418,2023,F,80+,5667,26449,19486,0.290824181463615
1332418,2023,M,10-19,13,52,25278,5.1428119313236e-4
1332418,2023,M,20-29,92,314,22210,0.00414227825303917
1332418,2023,M,30-39,494,1951,35111,0.0140696647774202
1332418,2023,M,40-49,1668,7450,32042,0.0520566756132576
1332418,2023,M,50-59,3904,17654,27558,0.141664852311489
1332418,2023,M,60-69,5542,26221,23381,0.237030067148539
1332418,2023,M,70-79,3957,18779,14093,0.280777691052295
1332418,2023,M,80+,1767,8025,7317,0.241492414924149
1332418,2024,F,10-19,7,15,24083,2.9066146244238e-4
1332418,2024,F,20-29,27,66,21122,0.00127828804090522
1332418,2024,F,30-39,179,662,31522,0.00567857369456253
1332418,2024,F,40-49,792,3256,30710,0.0257896450667535
1332418,2024,F,50-59,2375,10431,28793,0.0824853262945855
1332418,2024,F,60-69,5101,23305,29173,0.174853460391458
1332418,2024,F,70-79,6669,31253,24393,0.27339810601402
1332418,2024,F,80+,5856,26815,19462,0.30089404994348
1332418,2024,M,10-19,10,41,25368,3.9419741406496e-4
1332418,2024,M,20-29,119,372,21955,0.00542017763607379
1332418,2024,M,30-39,494,1990,34075,0.0144974321349963
1332418,2024,M,40-49,1748,7568,32525,0.0537432744043044
1332418,2024,M,50-59,4068,18263,27778,0.146446828425373
1332418,2024,M,60-69,5789,26456,23466,0.246697349356516
1332418,2024,M,70-79,4270,20001,14681,0.290852121790069
1332418,2024,M,80+,1780,7954,7267,0.244942892527866
1510813,2012,F,30-39,36,99,30195,0.00119225037257824
1510813,2012,F,40-49,233,718,29375,0.00793191489361702
1510813,2012,F,50-59,1289,4059,30965,0.0416276441143226
1510813,2012,F,60-69,2251,7935,25994,0.0865969069785335
1510813,2012,F,70-79,2170,7913,23108,0.0939068720789337
1510813,2012,F,80+,675,2329,15579,0.0433275563258232
1510813,2012,M,20-29,12,36,36348,3.3014196104324e-4
1510813,2012,M,30-39,115,354,32303,0.00356004086307773
1510813,2012,M,40-49,445,1449,28946,0.0153734540178263
1510813,2012,M,50-59,1001,3302,26833,0.0373048112398912
1510813,2012,M,60-69,1079,3823,18919,0.0570326127173741
1510813,2012,M,70-79,632,2360,12690,0.0498029944838456
1510813,2012,M,80+,145,545,5352,0.0270926756352765
1510813,2013,F,20-29,7,17,32615,2.1462517246665e-4
1510813,2013,F,30-39,39,109,30571,0.00127571881848811
1510813,2013,F,40-49,259,845,29337,0.00882844189930804
1510813,2013,F,50-59,1350,4691,30890,0.0437034639041761
1510813,2013,F,60-69,2429,9780,26799,0.090637710362327
1510813,2013,F,70-79,2371,9741,22735,0.104288541895755
1510813,2013,F,80+,838,3272,15972,0.0524668169296268
1510813,2013,M,20-29,13,29,35512,3.6607343996395e-4
1510813,2013,M,30-39,124,399,32755,0.00378568157533201
1510813,2013,M,40-49,480,1794,29136,0.0164744645799012
1510813,2013,M,50-59,1107,4101,27004,0.0409939268256555
1510813,2013,M,60-69,1217,4817,19542,0.0622761232217787
1510813,2013,M,70-79,750,3013,12541,0.0598038433936688
1510813,2013,M,80+,195,766,5499,0.0354609929078014
1510813,2014,F,20-29,5,11,31636,1.580477936528e-4
1510813,2014,F,30-39,24,58,30993,7.7436840576904e-4
1510813,2014,F,40-49,216,702,29359,0.00735719881467352
1510813,2014,F,50-59,1350,4496,30669,0.0440183899051159
1510813,2014,F,60-69,2637,10133,27621,0.0954708374063213
1510813,2014,F,70-79,2495,10240,22474,0.111017175402688
1510813,2014,F,80+,949,3787,16222,0.0585008013808408
1510813,2014,M,20-29,9,21,34434,2.6136957658128e-4
1510813,2014,M,30-39,105,328,33285,0.00315457413249211
1510813,2014,M,40-49,483,1687,29304,0.0164823914823915
1510813,2014,M,50-59,1173,4265,27067,0.0433369047179222
1510813,2014,M,60-69,1353,5190,20256,0.0667950236966825
1510813,2014,M,70-79,822,3417,12470,0.0659182036888532
1510813,2014,M,80+,240,969,5614,0.0427502671891699
1510813,2015,F,20-29,6,15,30585,1.9617459538989e-4
1510813,2015,F,30-39,21,67,31367,6.6949341664807e-4
1510813,2015,F,40-49,223,701,29457,0.00757035679125505
1510813,2015,F,50-59,1359,4529,30260,0.0449107732980833
1510813,2015,F,60-69,2786,10729,28514,0.0977063898435856
1510813,2015,F,70-79,2624,10809,22106,0.118700805211255
1510813,2015,F,80+,1091,4439,16608,0.0656912331406551
1510813,2015,M,20-29,9,28,33173,2.7130497693907e-4
1510813,2015,M,30-39,96,310,33668,0.00285137222288226
1510813,2015,M,40-49,459,1619,29708,0.0154503837350209
1510813,2015,M,50-59,1223,4479,27033,0.0452410017386158
1510813,2015,M,60-69,1487,5858,21060,0.0706077872744539
1510813,2015,M,70-79,930,3812,12207,0.0761857950356353
1510813,2015,M,80+,264,1147,5810,0.0454388984509466
1510813,2016,F,30-39,28,76,31768,8.8139007806597e-4
1510813,2016,F,40-49,209,699,29744,0.00702662721893491
1510813,2016,F,50-59,1227,4308,29826,0.0411386039026353
1510813,2016,F,60-69,2774,10656,28841,0.0961825179432059
1510813,2016,F,70-79,2662,11214,22023,0.120873632111883
1510813,2016,F,80+,1251,5133,17129,0.0730340358456419
1510813,2016,M,20-29,7,23,31733,2.2059055242176e-4
1510813,2016,M,30-39,109,364,34101,0.00319638720272133
1510813,2016,M,40-49,482,1673,30136,0.0159941598088665
1510813,2016,M,50-59,1169,4488,26974,0.0433380292133165
1510813,2016,M,60-69,1546,6074,21508,0.0718802306118654
1510813,2016,M,70-79,985,4042,12214,0.0806451612903226
1510813,2016,M,80+,310,1361,6077,0.0510120125061708
1510813,2017,F,30-39,32,90,32292,9.9095751269664e-4
1510813,2017,F,40-49,218,727,29964,0.00727539714323855
1510813,2017,F,50-59,1195,4243,29495,0.0405153415833192
1510813,2017,F,60-69,2817,11000,29029,0.0970408901443384
1510813,2017,F,70-79,2839,11941,21919,0.129522332223185
1510813,2017,F,80+,1415,5932,17811,0.0794452866206277
1510813,2017,M,20-29,8,15,30033,2.6637365564545e-4
1510813,2017,M,30-39,90,289,34756,0.00258948095292899
1510813,2017,M,40-49,488,1767,30631,0.0159315725898599
1510813,2017,M,50-59,1170,4505,26857,0.0435640615109655
1510813,2017,M,60-69,1664,6678,21738,0.0765479804949857
1510813,2017,M,70-79,1101,4538,12492,0.0881364073006724
1510813,2017,M,80+,367,1610,6347,0.0578225933511895
1510813,2018,F,30-39,22,88,32795,6.7083396859277e-4
1510813,2018,F,40-49,177,608,29968,0.00590630005339028
1510813,2018,F,50-59,1151,4232,29391,0.0391616481235752
1510813,2018,F,60-69,2840,11550,29035,0.0978129843292578
1510813,2018,F,70-79,2854,12627,22040,0.129491833030853
1510813,2018,F,80+,1663,7358,18355,0.0906020157995097
1510813,2018,M,20-29,9,24,28198,3.1917157245194e-4
1510813,2018,M,30-39,85,262,35519,0.00239308539091754
1510813,2018,M,40-49,485,1860,30813,0.0157401096939603
1510813,2018,M,50-59,1150,4692,26848,0.0428337306317044
1510813,2018,M,60-69,1781,7633,22092,0.0806174180698895
1510813,2018,M,70-79,1185,5223,12748,0.0929557577659241
1510813,2018,M,80+,435,2051,6586,0.0660491952626784
1510813,2019,F,20-29,5,17,24996,2.0003200512081e-4
1510813,2019,F,30-39,35,101,33276,0.00105180911167208
1510813,2019,F,40-49,217,700,29993,0.00723502150501784
1510813,2019,F,50-59,1249,4491,29110,0.0429062177945723
1510813,2019,F,60-69,3014,12027,29006,0.103909535958078
1510813,2019,F,70-79,3197,13667,22276,0.143517687196983
1510813,2019,F,80+,1948,8326,18940,0.10285110876452
1510813,2019,M,20-29,9,24,26426,3.4057367743888e-4
1510813,2019,M,30-39,111,328,36125,0.00307266435986159
1510813,2019,M,40-49,585,2070,31058,0.0188357267048747
1510813,2019,M,50-59,1325,5235,26863,0.0493243494769758
1510813,2019,M,60-69,2063,8445,22319,0.0924324566512837
1510813,2019,M,70-79,1420,6166,13083,0.108537797141328
1510813,2019,M,80+,529,2426,6838,0.0773618016964025
1510813,2020,F,20-29,8,11,23634,3.3849538800033e-4
1510813,2020,F,30-39,40,128,33647,0.00118881326715606
1510813,2020,F,40-49,267,894,29871,0.00893843527166817
1510813,2020,F,50-59,1365,4855,29031,0.0470187041438462
1510813,2020,F,60-69,3480,13809,29306,0.118747014263291
1510813,2020,F,70-79,3572,15548,22498,0.15876966841497
1510813,2020,F,80+,2172,9498,19314,0.112457284871078
1510813,2020,M,20-29,11,34,25103,4.3819463809106e-4
1510813,2020,M,30-39,139,409,36306,0.00382856828072495
1510813,2020,M,40-49,672,2336,31393,0.0214060459338069
1510813,2020,M,50-59,1591,6080,26941,0.059054971975799
1510813,2020,M,60-69,2412,9965,22643,0.106522987236674
1510813,2020,M,70-79,1649,7241,13254,0.124415270861627
1510813,2020,M,80+,644,2881,7091,0.0908193484698914
1510813,2021,F,20-29,13,34,22602,5.7517033890806e-4
1510813,2021,F,30-39,56,165,33542,0.00166954862560372
1510813,2021,F,40-49,315,954,29806,0.0105683419445749
1510813,2021,F,50-59,1526,5589,28875,0.0528484848484848
1510813,2021,F,60-69,3860,15326,29400,0.131292517006803
1510813,2021,F,70-79,3986,17040,22603,0.176348272353227
1510813,2021,F,80+,2558,11020,19937,0.128304158098009
1510813,2021,M,10-19,5,12,24622,2.0307042482332e-4
1510813,2021,M,20-29,21,54,23887,8.7913928078034e-4
1510813,2021,M,30-39,164,496,36248,0.00452438755241668
1510813,2021,M,40-49,766,2658,31422,0.0243778244542041
1510813,2021,M,50-59,1872,7301,27184,0.0688640376692172
1510813,2021,M,60-69,2763,11652,22981,0.120229755015012
1510813,2021,M,70-79,1926,8271,13400,0.143731343283582
1510813,2021,M,80+,771,3306,7466,0.10326814894187
1510813,2022,F,20-29,14,41,21817,6.4170142549388e-4
1510813,2022,F,30-39,67,182,33314,0.0020111664765564
1510813,2022,F,40-49,376,1202,29919,0.0125672649486948
1510813,2022,F,50-59,1763,6493,28809,0.0611961539796591
1510813,2022,F,60-69,4341,17659,29386,0.147723405703396
1510813,2022,F,70-79,4572,20001,22951,0.199207006230665
1510813,2022,F,80+,2885,12567,19815,0.145596770123644
1510813,2022,M,10-19,5,26,25000,2e-4
1510813,2022,M,20-29,20,48,22938,8.7191559857005e-4
1510813,2022,M,30-39,229,657,35927,0.00637403624015364
1510813,2022,M,40-49,920,3217,31579,0.0291332847778587
1510813,2022,M,50-59,2186,8500,27370,0.0798684691267812
1510813,2022,M,60-69,3204,13448,23195,0.138133218366027
1510813,2022,M,70-79,2261,10128,13686,0.165205319304399
1510813,2022,M,80+,909,3964,7413,0.122622420072845
1510813,2023,F,20-29,18,58,21420,8.4033613445378e-4
1510813,2023,F,30-39,84,252,32495,0.00258501307893522
1510813,2023,F,40-49,456,1484,30293,0.0150529825372198
1510813,2023,F,50-59,2073,7640,28768,0.0720592324805339
1510813,2023,F,60-69,4977,20074,29329,0.169695523202291
1510813,2023,F,70-79,5276,23045,23650,0.223086680761099
1510813,2023,F,80+,3194,14096,19486,0.163912552601868
1510813,2023,M,20-29,34,97,22210,0.00153084196307969
1510813,2023,M,30-39,277,876,35111,0.00788926547235909
1510813,2023,M,40-49,1166,4162,32042,0.0363897384682604
1510813,2023,M,50-59,2601,10264,27558,0.0943827563683867
1510813,2023,M,60-69,3717,15817,23381,0.158975236302981
1510813,2023,M,70-79,2671,11994,14093,0.189526715390619
1510813,2023,M,80+,1033,4694,7317,0.141178078447451
1510813,2024,F,20-29,26,91,21122,0.00123094403939021
1510813,2024,F,30-39,102,322,31522,0.00323583528963898
1510813,2024,F,40-49,538,1835,30710,0.0175187235428199
1510813,2024,F,50-59,2350,8680,28793,0.0816170597020109
1510813,2024,F,60-69,5439,22240,29173,0.186439515990813
1510813,2024,F,70-79,6071,26275,24393,0.248882876234985
1510813,2024,F,80+,3498,15239,19462,0.179734867947796
1510813,2024,M,10-19,9,33,25368,3.5477767265846e-4
1510813,2024,M,20-29,43,111,21955,0.00195855158278297
1510813,2024,M,30-39,336,1014,34075,0.00986060161408657
1510813,2024,M,40-49,1312,4775,32525,0.0403382013835511
1510813,2024,M,50-59,3100,11908,27778,0.111599107207142
1510813,2024,M,60-69,4267,17954,23466,0.181837552203188
1510813,2024,M,70-79,3187,14138,14681,0.217083304951979
1510813,2024,M,80+,1177,5361,7267,0.161965047474886
19044883,2012,F,10-19,24,40,21862,0.00109779526118379
19044883,2012,F,20-29,276,639,33450,0.00825112107623318
19044883,2012,F,30-39,524,1225,30195,0.0173538665341944
19044883,2012,F,40-49,985,2407,29375,0.033531914893617
19044883,2012,F,50-59,1828,5075,30965,0.0590343936702729
19044883,2012,F,60-69,2041,5811,25994,0.0785181195660537
19044883,2012,F,70-79,2461,7664,23108,0.106499913449887
19044883,2012,F,80+,2079,7209,15579,0.133448873483536
19044883,2012,M,10-19,17,22,23048,7.3759111419646e-4
19044883,2012,M,20-29,234,563,36348,0.00643776824034335
19044883,2012,M,30-39,494,1195,32303,0.0152926972726991
19044883,2012,M,40-49,709,1939,28946,0.0244938851654805
19044883,2012,M,50-59,1148,3338,26833,0.0427831401632318
19044883,2012,M,60-69,1164,3548,18919,0.0615254506052117
19044883,2012,M,70-79,1048,3571,12690,0.0825847123719464
19044883,2012,M,80+,626,2156,5352,0.116965620328849
19044883,2013,F,10-19,29,50,21466,0.00135097363272151
19044883,2013,F,20-29,291,617,32615,0.00892227502682815
19044883,2013,F,30-39,537,1284,30571,0.0175656668084132
19044883,2013,F,40-49,1002,2621,29337,0.0341548215563964
19044883,2013,F,50-59,1866,5500,30890,0.060407898996439
19044883,2013,F,60-69,2256,6632,26799,0.0841822456061793
19044883,2013,F,70-79,2560,8114,22735,0.112601715416758
19044883,2013,F,80+,2268,8164,15972,0.141998497370398
19044883,2013,M,10-19,8,9,22316,3.5848718408316e-4
19044883,2013,M,20-29,241,554,35512,0.0067864383870241
19044883,2013,M,30-39,513,1224,32755,0.01566173103343
19044883,2013,M,40-49,762,2027,29136,0.0261532125205931
19044883,2013,M,50-59,1177,3382,27004,0.04358613538735
19044883,2013,M,60-69,1288,4020,19542,0.065909323508341
19044883,2013,M,70-79,1106,3802,12541,0.0881907343911969
19044883,2013,M,80+,676,2356,5499,0.122931442080378
19044883,2014,F,10-19,18,25,21169,8.5029996693277e-4
19044883,2014,F,20-29,269,619,31636,0.00850297129852067
19044883,2014,F,30-39,541,1275,30993,0.0174555544800439
19044883,2014,F,40-49,982,2751,29359,0.0334480057222657
19044883,2014,F,50-59,1976,5802,30669,0.0644298803351919
19044883,2014,F,60-69,2416,7286,27621,0.0874696788675283
19044883,2014,F,70-79,2721,8744,22474,0.121073240188662
19044883,2014,F,80+,2444,9079,16222,0.150659598076686
19044883,2014,M,10-19,18,44,22066,8.157346143388e-4
19044883,2014,M,20-29,240,528,34434,0.00696985537550096
19044883,2014,M,30-39,527,1327,33285,0.0158329577887938
19044883,2014,M,40-49,795,2137,29304,0.0271294021294021
19044883,2014,M,50-59,1148,3415,27067,0.0424132707725274
19044883,2014,M,60-69,1311,4400,20256,0.0647215639810427
19044883,2014,M,70-79,1117,4009,12470,0.0895749799518845
19044883,2014,M,80+,766,2718,5614,0.136444602778767
19044883,2015,F,10-19,30,55,21113,0.00142092549613982
19044883,2015,F,20-29,256,646,30585,0.00837011606996894
19044883,2015,F,30-39,533,1331,31367,0.0169923805273058
19044883,2015,F,40-49,1012,3021,29457,0.0343551617612113
19044883,2015,F,50-59,1910,5707,30260,0.0631196298744217
19044883,2015,F,60-69,2444,7740,28514,0.0857122816861892
19044883,2015,F,70-79,2711,9046,22106,0.122636388310866
19044883,2015,F,80+,2560,9876,16608,0.154142581888247
19044883,2015,M,10-19,14,34,22061,6.3460405240016e-4
19044883,2015,M,20-29,248,502,33173,0.00747595936454345
19044883,2015,M,30-39,511,1334,33668,0.0151776167280504
19044883,2015,M,40-49,803,2198,29708,0.0270297562946008
19044883,2015,M,50-59,1183,3495,27033,0.0437613287463471
19044883,2015,M,60-69,1384,4787,21060,0.0657169990503324
19044883,2015,M,70-79,1119,4148,12207,0.0916687146719096
19044883,2015,M,80+,740,2725,5810,0.12736660929432
19044883,2016,F,10-19,18,25,21142,8.513858669946e-4
19044883,2016,F,20-29,276,690,29457,0.00936958957123943
19044883,2016,F,30-39,530,1368,31768,0.016683455049106
19044883,2016,F,40-49,1023,3046,29744,0.0343934911242604
19044883,2016,F,50-59,1799,5658,29826,0.0603165023804734
19044883,2016,F,60-69,2483,7703,28841,0.0860927152317881
19044883,2016,F,70-79,2675,9478,22023,0.121463924079372
19044883,2016,F,80+,2569,10352,17129,0.14997956681651
19044883,2016,M,10-19,19,32,22245,8.5412452236457e-4
19044883,2016,M,20-29,255,561,31733,0.00803579869536445
19044883,2016,M,30-39,491,1322,34101,0.014398404738864
19044883,2016,M,40-49,757,2173,30136,0.025119458455004
19044883,2016,M,50-59,1163,3504,26974,0.04311559279306
19044883,2016,M,60-69,1384,4825,21508,0.0643481495257579
19044883,2016,M,70-79,1108,4206,12214,0.0907155722940887
19044883,2016,M,80+,750,2902,6077,0.123416159289123
19044883,2017,F,10-19,19,23,21484,8.8437907279836e-4
19044883,2017,F,20-29,219,535,28030,0.00781305743845879
19044883,2017,F,30-39,563,1492,32292,0.0174346587390066
19044883,2017,F,40-49,1058,2901,29964,0.0353090375116807
19044883,2017,F,50-59,1767,5464,29495,0.0599084590608578
19044883,2017,F,60-69,2373,7695,29029,0.08174584036653
19044883,2017,F,70-79,2698,9602,21919,0.123089557005338
19044883,2017,F,80+,2727,10725,17811,0.15310763011622
19044883,2017,M,10-19,20,33,22630,8.8378258948298e-4
19044883,2017,M,20-29,233,539,30033,0.00775813272067393
19044883,2017,M,30-39,528,1378,34756,0.0151916215905167
19044883,2017,M,40-49,771,2100,30631,0.025170578825373
19044883,2017,M,50-59,1155,3545,26857,0.0430055479018505
19044883,2017,M,60-69,1382,4888,21738,0.0635753059159076
19044883,2017,M,70-79,1132,4324,12492,0.090617995517131
19044883,2017,M,80+,731,2962,6347,0.115172522451552
19044883,2018,F,10-19,25,31,22049,0.00113383826930927
19044883,2018,F,20-29,209,528,26526,0.00787906205232602
19044883,2018,F,30-39,539,1462,32795,0.0164354322305229
19044883,2018,F,40-49,964,2714,29968,0.0321676454885211
19044883,2018,F,50-59,1763,5415,29391,0.059984348950359
19044883,2018,F,60-69,2334,7735,29035,0.0803857413466506
19044883,2018,F,70-79,2692,9824,22040,0.122141560798548
19044883,2018,F,80+,2723,11000,18355,0.148351947698175
19044883,2018,M,10-19,17,22,23258,7.309312924585e-4
19044883,2018,M,20-29,222,498,28198,0.00787289878714803
19044883,2018,M,30-39,506,1294,35519,0.0142458965624032
19044883,2018,M,40-49,767,2244,30813,0.0248920910005517
19044883,2018,M,50-59,1122,3549,26848,0.0417908224076281
19044883,2018,M,60-69,1387,5055,22092,0.0627829078399421
19044883,2018,M,70-79,1173,4734,12748,0.0920144336366489
19044883,2018,M,80+,784,3183,6586,0.11904038870331
19044883,2019,F,10-19,21,33,22690,9.255178492728e-4
19044883,2019,F,20-29,222,562,24996,0.00888142102736438
19044883,2019,F,30-39,493,1343,33276,0.0148154826301238
19044883,2019,F,40-49,932,2894,29993,0.0310739172473577
19044883,2019,F,50-59,1706,5518,29110,0.0586052902782549
19044883,2019,F,60-69,2339,7723,29006,0.0806384885885679
19044883,2019,F,70-79,2649,9690,22276,0.118917220326809
19044883,2019,F,80+,2887,11965,18940,0.152428722280887
19044883,2019,M,10-19,21,29,23760,8.8383838383838e-4
19044883,2019,M,20-29,236,571,26426,0.0089305986528419
19044883,2019,M,30-39,527,1459,36125,0.0145882352941176
19044883,2019,M,40-49,759,2184,31058,0.0244381479811965
19044883,2019,M,50-59,1107,3567,26863,0.0412090980158582
19044883,2019,M,60-69,1395,5175,22319,0.0625028003046731
19044883,2019,M,70-79,1168,4677,13083,0.0892761599021631
19044883,2019,M,80+,822,3315,6838,0.120210587891196
19044883,2020,F,10-19,22,35,23142,9.5065249330222e-4
19044883,2020,F,20-29,182,531,23634,0.0077007700770077
19044883,2020,F,30-39,499,1437,33647,0.0148304455077719
19044883,2020,F,40-49,950,2782,29871,0.0318034213785946
19044883,2020,F,50-59,1697,5686,29031,0.0584547552616169
19044883,2020,F,60-69,2347,8145,29306,0.0800859892172251
19044883,2020,F,70-79,2696,10208,22498,0.119832874033247
19044883,2020,F,80+,2937,12373,19314,0.152065858962411
19044883,2020,M,10-19,15,26,24149,6.2114373265973e-4
19044883,2020,M,20-29,207,506,25103,0.00824602637135004
19044883,2020,M,30-39,526,1543,36306,0.0144879634220239
19044883,2020,M,40-49,806,2375,31393,0.0256745134265601
19044883,2020,M,50-59,1078,3590,26941,0.0400133625329424
19044883,2020,M,60-69,1423,5422,22643,0.0628450293688999
19044883,2020,M,70-79,1177,4798,13254,0.0888033801116644
19044883,2020,M,80+,839,3594,7091,0.118318995910309
19044883,2021,F,10-19,26,49,23607,0.00110136823823442
19044883,2021,F,20-29,198,524,22602,0.00876028670029201
19044883,2021,F,30-39,516,1527,33542,0.0153836980502057
19044883,2021,F,40-49,919,2747,29806,0.0308327182446487
19044883,2021,F,50-59,1590,5410,28875,0.0550649350649351
19044883,2021,F,60-69,2333,8194,29400,0.0793537414965986
19044883,2021,F,70-79,2573,9698,22603,0.113834446754856
19044883,2021,F,80+,2973,12439,19937,0.149119727140493
19044883,2021,M,10-19,15,34,24622,6.0921127446998e-4
19044883,2021,M,20-29,197,464,23887,0.0082471637292251
19044883,2021,M,30-39,524,1466,36248,0.0144559699845509
19044883,2021,M,40-49,759,2384,31422,0.0241550506014894
19044883,2021,M,50-59,1022,3475,27184,0.0375956444967628
19044883,2021,M,60-69,1405,5243,22981,0.0611374613811409
19044883,2021,M,70-79,1149,4629,13400,0.0857462686567164
19044883,2021,M,80+,858,3500,7466,0.114920975087061
19044883,2022,F,10-19,21,28,23784,8.8294651866801e-4
19044883,2022,F,20-29,188,528,21817,0.00861713342806069
19044883,2022,F,30-39,511,1597,33314,0.0153388965600048
19044883,2022,F,40-49,862,2634,29919,0.0288111233664227
19044883,2022,F,50-59,1524,5021,28809,0.0529001353743622
19044883,2022,F,60-69,2342,8497,29386,0.0796978152861907
19044883,2022,F,70-79,2581,9871,22951,0.112456973552351
19044883,2022,F,80+,2944,12718,19815,0.148574312389604
19044883,2022,M,10-19,17,44,25000,6.8e-4
19044883,2022,M,20-29,164,389,22938,0.00714970790827448
19044883,2022,M,30-39,559,1757,35927,0.0155593286386283
19044883,2022,M,40-49,762,2521,31579,0.0241299597834004
19044883,2022,M,50-59,1051,3739,27370,0.0383997077091706
19044883,2022,M,60-69,1415,5335,23195,0.0610045268376805
19044883,2022,M,70-79,1208,4997,13686,0.0882653806809879
19044883,2022,M,80+,838,3317,7413,0.113044651288277
19044883,2023,F,10-19,25,37,23990,0.00104210087536474
19044883,2023,F,20-29,180,467,21420,0.00840336134453781
19044883,2023,F,30-39,490,1483,32495,0.0150792429604555
19044883,2023,F,40-49,798,2534,30293,0.0263427194401347
19044883,2023,F,50-59,1455,4953,28768,0.0505770300333704
19044883,2023,F,60-69,2260,8252,29329,0.0770568379419687
19044883,2023,F,70-79,2575,9999,23650,0.108879492600423
19044883,2023,F,80+,2777,11971,19486,0.142512573129426
19044883,2023,M,10-19,13,19,25278,5.1428119313236e-4
19044883,2023,M,20-29,163,373,22210,0.00733903647005853
19044883,2023,M,30-39,501,1585,35111,0.0142690324969383
19044883,2023,M,40-49,729,2414,32042,0.0227513888021971
19044883,2023,M,50-59,1031,3512,27558,0.0374120037738588
19044883,2023,M,60-69,1353,5183,23381,0.057867499251529
19044883,2023,M,70-79,1178,4926,14093,0.0835875966792024
19044883,2023,M,80+,769,3203,7317,0.105097717643843
19044883,2024,F,10-19,15,19,24083,6.2284599094797e-4
19044883,2024,F,20-29,159,392,21122,0.00752769624088628
19044883,2024,F,30-39,417,1239,31522,0.0132288560370535
19044883,2024,F,40-49,749,2584,30710,0.0243894496906545
19044883,2024,F,50-59,1331,4616,28793,0.0462265133886709
19044883,2024,F,60-69,2089,8123,29173,0.0716073081273781
19044883,2024,F,70-79,2433,10122,24393,0.0997417291846021
19044883,2024,F,80+,2546,11845,19462,0.130819031959716
19044883,2024,M,10-19,16,21,25368,6.3071586250394e-4
19044883,2024,M,20-29,138,296,21955,0.00628558414939649
19044883,2024,M,30-39,461,1437,34075,0.0135289801907557
19044883,2024,M,40-49,696,2372,32525,0.0213989239046887
19044883,2024,M,50-59,917,3453,27778,0.0330117359061127
19044883,2024,M,60-69,1251,4974,23466,0.0533111736128867
19044883,2024,M,70-79,1117,4809,14681,0.0760847353722498
19044883,2024,M,80+,684,3194,7267,0.094124122746663
